street,x,y
1898 Mountain Rd NW,-106.66714628273807,35.09810448258238
Central and Tingley,-106.679270855865,35.0912046640642
2550 Central Ave NE,-106.61741952423131,35.08064641223119
2901 Central Ave NE,-106.61217964856553,35.081119862063865
330 Tijeras Ave NW,-106.39035481938414,35.078958499474496
nothing street,-106,35

